variable,adf_stat,p_value,verdict
BTC,-23.441863569185113,0.0,✅ 정상
SP500,-13.215868631287758,1.0248013062040947e-24,✅ 정상
Gold,-18.235200054976012,2.3620734403768897e-30,✅ 정상
GPR_custom,-4.609527257374177,0.0001240463196340032,✅ 정상
GPR_zscore,-5.1071424184894125,1.3562727067140218e-05,✅ 정상
VIX,-4.874687281778409,3.905449523222694e-05,✅ 정상
fear_greed_lag1,-4.59151902815087,0.00013389964037188382,✅ 정상
