model,AIC,BIC,loglik,alpha,beta,omega,nu,rank
A2: GPR_custom,1089.07,1109.16,-538.54,0.15257,0.0,11.83141,3.281,1
A5: 커스텀+심리,1092.38,1119.16,-538.19,0.14427,0.0,11.97051,3.25,2
A1: GPR_zscore,1092.51,1112.59,-540.25,0.15494,0.0,12.28149,3.209,3
A3: VIX+F&G,1094.14,1117.57,-540.07,0.14162,0.0,12.89588,3.092,4
A4: 공식+심리,1095.84,1122.61,-539.92,0.14741,0.0,12.43807,3.176,5
